#,priority,category,audience,primary_keyword,title,slug,search_intent,internal_links,source_check,status
1,P1,writing,small business owners,best ai tools for small business owners writing,Best AI tools for small business owners who need help with writing,best-ai-tools-for-small-business-owners-writing,commercial investigation,3 tool reviews + 1 category page,Validate demand in Google Keyword Planner or Ahrefs,planned
2,P1,research,small business owners,best ai tools for small business owners research,Best AI tools for small business owners who need help with research,best-ai-tools-for-small-business-owners-research,commercial investigation,3 tool reviews + 1 category page,Validate demand in Google Keyword Planner or Ahrefs,planned
3,P1,coding,small business owners,best ai tools for small business owners coding,Best AI tools for small business owners who need help with coding,best-ai-tools-for-small-business-owners-coding,commercial investigation,3 tool reviews + 1 category page,Validate demand in Google Keyword Planner or Ahrefs,planned
4,P1,image generation,small business owners,best ai tools for small business owners image generation,Best AI tools for small business owners who need help with image generation,best-ai-tools-for-small-business-owners-image-generation,commercial investigation,3 tool reviews + 1 category page,Validate demand in Google Keyword Planner or Ahrefs,planned
5,P1,video editing,small business owners,best ai tools for small business owners video editing,Best AI tools for small business owners who need help with video editing,best-ai-tools-for-small-business-owners-video-editing,commercial investigation,3 tool reviews + 1 category page,Validate demand in Google Keyword Planner or Ahrefs,planned
6,P1,customer support,small business owners,best ai tools for small business owners customer support,Best AI tools for small business owners who need help with customer support,best-ai-tools-for-small-business-owners-customer-support,commercial investigation,3 tool reviews + 1 category page,Validate demand in Google Keyword Planner or Ahrefs,planned
7,P1,sales outreach,small business owners,best ai tools for small business owners sales outreach,Best AI tools for small business owners who need help with sales outreach,best-ai-tools-for-small-business-owners-sales-outreach,commercial investigation,3 tool reviews + 1 category page,Validate demand in Google Keyword Planner or Ahrefs,planned
8,P1,project planning,small business owners,best ai tools for small business owners project planning,Best AI tools for small business owners who need help with project planning,best-ai-tools-for-small-business-owners-project-planning,commercial investigation,3 tool reviews + 1 category page,Validate demand in Google Keyword Planner or Ahrefs,planned
9,P1,data analysis,small business owners,best ai tools for small business owners data analysis,Best AI tools for small business owners who need help with data analysis,best-ai-tools-for-small-business-owners-data-analysis,commercial investigation,3 tool reviews + 1 category page,Validate demand in Google Keyword Planner or Ahrefs,planned
10,P1,social media,small business owners,best ai tools for small business owners social media,Best AI tools for small business owners who need help with social media,best-ai-tools-for-small-business-owners-social-media,commercial investigation,3 tool reviews + 1 category page,Validate demand in Google Keyword Planner or Ahrefs,planned
11,P1,writing,freelancers,best ai tools for freelancers writing,Best AI tools for freelancers who need help with writing,best-ai-tools-for-freelancers-writing,commercial investigation,3 tool reviews + 1 category page,Validate demand in Google Keyword Planner or Ahrefs,planned
12,P1,research,freelancers,best ai tools for freelancers research,Best AI tools for freelancers who need help with research,best-ai-tools-for-freelancers-research,commercial investigation,3 tool reviews + 1 category page,Validate demand in Google Keyword Planner or Ahrefs,planned
13,P1,coding,freelancers,best ai tools for freelancers coding,Best AI tools for freelancers who need help with coding,best-ai-tools-for-freelancers-coding,commercial investigation,3 tool reviews + 1 category page,Validate demand in Google Keyword Planner or Ahrefs,planned
14,P1,image generation,freelancers,best ai tools for freelancers image generation,Best AI tools for freelancers who need help with image generation,best-ai-tools-for-freelancers-image-generation,commercial investigation,3 tool reviews + 1 category page,Validate demand in Google Keyword Planner or Ahrefs,planned
15,P1,video editing,freelancers,best ai tools for freelancers video editing,Best AI tools for freelancers who need help with video editing,best-ai-tools-for-freelancers-video-editing,commercial investigation,3 tool reviews + 1 category page,Validate demand in Google Keyword Planner or Ahrefs,planned
16,P1,customer support,freelancers,best ai tools for freelancers customer support,Best AI tools for freelancers who need help with customer support,best-ai-tools-for-freelancers-customer-support,commercial investigation,3 tool reviews + 1 category page,Validate demand in Google Keyword Planner or Ahrefs,planned
17,P1,sales outreach,freelancers,best ai tools for freelancers sales outreach,Best AI tools for freelancers who need help with sales outreach,best-ai-tools-for-freelancers-sales-outreach,commercial investigation,3 tool reviews + 1 category page,Validate demand in Google Keyword Planner or Ahrefs,planned
18,P1,project planning,freelancers,best ai tools for freelancers project planning,Best AI tools for freelancers who need help with project planning,best-ai-tools-for-freelancers-project-planning,commercial investigation,3 tool reviews + 1 category page,Validate demand in Google Keyword Planner or Ahrefs,planned
19,P1,data analysis,freelancers,best ai tools for freelancers data analysis,Best AI tools for freelancers who need help with data analysis,best-ai-tools-for-freelancers-data-analysis,commercial investigation,3 tool reviews + 1 category page,Validate demand in Google Keyword Planner or Ahrefs,planned
20,P1,social media,freelancers,best ai tools for freelancers social media,Best AI tools for freelancers who need help with social media,best-ai-tools-for-freelancers-social-media,commercial investigation,3 tool reviews + 1 category page,Validate demand in Google Keyword Planner or Ahrefs,planned
21,P1,writing,students,best ai tools for students writing,Best AI tools for students who need help with writing,best-ai-tools-for-students-writing,commercial investigation,3 tool reviews + 1 category page,Validate demand in Google Keyword Planner or Ahrefs,planned
22,P1,research,students,best ai tools for students research,Best AI tools for students who need help with research,best-ai-tools-for-students-research,commercial investigation,3 tool reviews + 1 category page,Validate demand in Google Keyword Planner or Ahrefs,planned
23,P1,coding,students,best ai tools for students coding,Best AI tools for students who need help with coding,best-ai-tools-for-students-coding,commercial investigation,3 tool reviews + 1 category page,Validate demand in Google Keyword Planner or Ahrefs,planned
24,P1,image generation,students,best ai tools for students image generation,Best AI tools for students who need help with image generation,best-ai-tools-for-students-image-generation,commercial investigation,3 tool reviews + 1 category page,Validate demand in Google Keyword Planner or Ahrefs,planned
25,P1,video editing,students,best ai tools for students video editing,Best AI tools for students who need help with video editing,best-ai-tools-for-students-video-editing,commercial investigation,3 tool reviews + 1 category page,Validate demand in Google Keyword Planner or Ahrefs,planned
26,P1,customer support,students,best ai tools for students customer support,Best AI tools for students who need help with customer support,best-ai-tools-for-students-customer-support,commercial investigation,3 tool reviews + 1 category page,Validate demand in Google Keyword Planner or Ahrefs,planned
27,P1,sales outreach,students,best ai tools for students sales outreach,Best AI tools for students who need help with sales outreach,best-ai-tools-for-students-sales-outreach,commercial investigation,3 tool reviews + 1 category page,Validate demand in Google Keyword Planner or Ahrefs,planned
28,P1,project planning,students,best ai tools for students project planning,Best AI tools for students who need help with project planning,best-ai-tools-for-students-project-planning,commercial investigation,3 tool reviews + 1 category page,Validate demand in Google Keyword Planner or Ahrefs,planned
29,P1,data analysis,students,best ai tools for students data analysis,Best AI tools for students who need help with data analysis,best-ai-tools-for-students-data-analysis,commercial investigation,3 tool reviews + 1 category page,Validate demand in Google Keyword Planner or Ahrefs,planned
30,P1,social media,students,best ai tools for students social media,Best AI tools for students who need help with social media,best-ai-tools-for-students-social-media,commercial investigation,3 tool reviews + 1 category page,Validate demand in Google Keyword Planner or Ahrefs,planned
31,P2,writing,marketers,best ai tools for marketers writing,Best AI tools for marketers who need help with writing,best-ai-tools-for-marketers-writing,commercial investigation,3 tool reviews + 1 category page,Validate demand in Google Keyword Planner or Ahrefs,planned
32,P2,research,marketers,best ai tools for marketers research,Best AI tools for marketers who need help with research,best-ai-tools-for-marketers-research,commercial investigation,3 tool reviews + 1 category page,Validate demand in Google Keyword Planner or Ahrefs,planned
33,P2,coding,marketers,best ai tools for marketers coding,Best AI tools for marketers who need help with coding,best-ai-tools-for-marketers-coding,commercial investigation,3 tool reviews + 1 category page,Validate demand in Google Keyword Planner or Ahrefs,planned
34,P2,image generation,marketers,best ai tools for marketers image generation,Best AI tools for marketers who need help with image generation,best-ai-tools-for-marketers-image-generation,commercial investigation,3 tool reviews + 1 category page,Validate demand in Google Keyword Planner or Ahrefs,planned
35,P2,video editing,marketers,best ai tools for marketers video editing,Best AI tools for marketers who need help with video editing,best-ai-tools-for-marketers-video-editing,commercial investigation,3 tool reviews + 1 category page,Validate demand in Google Keyword Planner or Ahrefs,planned
36,P2,customer support,marketers,best ai tools for marketers customer support,Best AI tools for marketers who need help with customer support,best-ai-tools-for-marketers-customer-support,commercial investigation,3 tool reviews + 1 category page,Validate demand in Google Keyword Planner or Ahrefs,planned
37,P2,sales outreach,marketers,best ai tools for marketers sales outreach,Best AI tools for marketers who need help with sales outreach,best-ai-tools-for-marketers-sales-outreach,commercial investigation,3 tool reviews + 1 category page,Validate demand in Google Keyword Planner or Ahrefs,planned
38,P2,project planning,marketers,best ai tools for marketers project planning,Best AI tools for marketers who need help with project planning,best-ai-tools-for-marketers-project-planning,commercial investigation,3 tool reviews + 1 category page,Validate demand in Google Keyword Planner or Ahrefs,planned
39,P2,data analysis,marketers,best ai tools for marketers data analysis,Best AI tools for marketers who need help with data analysis,best-ai-tools-for-marketers-data-analysis,commercial investigation,3 tool reviews + 1 category page,Validate demand in Google Keyword Planner or Ahrefs,planned
40,P2,social media,marketers,best ai tools for marketers social media,Best AI tools for marketers who need help with social media,best-ai-tools-for-marketers-social-media,commercial investigation,3 tool reviews + 1 category page,Validate demand in Google Keyword Planner or Ahrefs,planned
41,P2,writing,founders,best ai tools for founders writing,Best AI tools for founders who need help with writing,best-ai-tools-for-founders-writing,commercial investigation,3 tool reviews + 1 category page,Validate demand in Google Keyword Planner or Ahrefs,planned
42,P2,research,founders,best ai tools for founders research,Best AI tools for founders who need help with research,best-ai-tools-for-founders-research,commercial investigation,3 tool reviews + 1 category page,Validate demand in Google Keyword Planner or Ahrefs,planned
43,P2,coding,founders,best ai tools for founders coding,Best AI tools for founders who need help with coding,best-ai-tools-for-founders-coding,commercial investigation,3 tool reviews + 1 category page,Validate demand in Google Keyword Planner or Ahrefs,planned
44,P2,image generation,founders,best ai tools for founders image generation,Best AI tools for founders who need help with image generation,best-ai-tools-for-founders-image-generation,commercial investigation,3 tool reviews + 1 category page,Validate demand in Google Keyword Planner or Ahrefs,planned
45,P2,video editing,founders,best ai tools for founders video editing,Best AI tools for founders who need help with video editing,best-ai-tools-for-founders-video-editing,commercial investigation,3 tool reviews + 1 category page,Validate demand in Google Keyword Planner or Ahrefs,planned
46,P2,customer support,founders,best ai tools for founders customer support,Best AI tools for founders who need help with customer support,best-ai-tools-for-founders-customer-support,commercial investigation,3 tool reviews + 1 category page,Validate demand in Google Keyword Planner or Ahrefs,planned
47,P2,sales outreach,founders,best ai tools for founders sales outreach,Best AI tools for founders who need help with sales outreach,best-ai-tools-for-founders-sales-outreach,commercial investigation,3 tool reviews + 1 category page,Validate demand in Google Keyword Planner or Ahrefs,planned
48,P2,project planning,founders,best ai tools for founders project planning,Best AI tools for founders who need help with project planning,best-ai-tools-for-founders-project-planning,commercial investigation,3 tool reviews + 1 category page,Validate demand in Google Keyword Planner or Ahrefs,planned
49,P2,data analysis,founders,best ai tools for founders data analysis,Best AI tools for founders who need help with data analysis,best-ai-tools-for-founders-data-analysis,commercial investigation,3 tool reviews + 1 category page,Validate demand in Google Keyword Planner or Ahrefs,planned
50,P2,social media,founders,best ai tools for founders social media,Best AI tools for founders who need help with social media,best-ai-tools-for-founders-social-media,commercial investigation,3 tool reviews + 1 category page,Validate demand in Google Keyword Planner or Ahrefs,planned
51,P2,writing,teachers,best ai tools for teachers writing,Best AI tools for teachers who need help with writing,best-ai-tools-for-teachers-writing,commercial investigation,3 tool reviews + 1 category page,Validate demand in Google Keyword Planner or Ahrefs,planned
52,P2,research,teachers,best ai tools for teachers research,Best AI tools for teachers who need help with research,best-ai-tools-for-teachers-research,commercial investigation,3 tool reviews + 1 category page,Validate demand in Google Keyword Planner or Ahrefs,planned
53,P2,coding,teachers,best ai tools for teachers coding,Best AI tools for teachers who need help with coding,best-ai-tools-for-teachers-coding,commercial investigation,3 tool reviews + 1 category page,Validate demand in Google Keyword Planner or Ahrefs,planned
54,P2,image generation,teachers,best ai tools for teachers image generation,Best AI tools for teachers who need help with image generation,best-ai-tools-for-teachers-image-generation,commercial investigation,3 tool reviews + 1 category page,Validate demand in Google Keyword Planner or Ahrefs,planned
55,P2,video editing,teachers,best ai tools for teachers video editing,Best AI tools for teachers who need help with video editing,best-ai-tools-for-teachers-video-editing,commercial investigation,3 tool reviews + 1 category page,Validate demand in Google Keyword Planner or Ahrefs,planned
56,P2,customer support,teachers,best ai tools for teachers customer support,Best AI tools for teachers who need help with customer support,best-ai-tools-for-teachers-customer-support,commercial investigation,3 tool reviews + 1 category page,Validate demand in Google Keyword Planner or Ahrefs,planned
57,P2,sales outreach,teachers,best ai tools for teachers sales outreach,Best AI tools for teachers who need help with sales outreach,best-ai-tools-for-teachers-sales-outreach,commercial investigation,3 tool reviews + 1 category page,Validate demand in Google Keyword Planner or Ahrefs,planned
58,P2,project planning,teachers,best ai tools for teachers project planning,Best AI tools for teachers who need help with project planning,best-ai-tools-for-teachers-project-planning,commercial investigation,3 tool reviews + 1 category page,Validate demand in Google Keyword Planner or Ahrefs,planned
59,P2,data analysis,teachers,best ai tools for teachers data analysis,Best AI tools for teachers who need help with data analysis,best-ai-tools-for-teachers-data-analysis,commercial investigation,3 tool reviews + 1 category page,Validate demand in Google Keyword Planner or Ahrefs,planned
60,P2,social media,teachers,best ai tools for teachers social media,Best AI tools for teachers who need help with social media,best-ai-tools-for-teachers-social-media,commercial investigation,3 tool reviews + 1 category page,Validate demand in Google Keyword Planner or Ahrefs,planned
61,P2,writing,developers,best ai tools for developers writing,Best AI tools for developers who need help with writing,best-ai-tools-for-developers-writing,commercial investigation,3 tool reviews + 1 category page,Validate demand in Google Keyword Planner or Ahrefs,planned
62,P2,research,developers,best ai tools for developers research,Best AI tools for developers who need help with research,best-ai-tools-for-developers-research,commercial investigation,3 tool reviews + 1 category page,Validate demand in Google Keyword Planner or Ahrefs,planned
63,P2,coding,developers,best ai tools for developers coding,Best AI tools for developers who need help with coding,best-ai-tools-for-developers-coding,commercial investigation,3 tool reviews + 1 category page,Validate demand in Google Keyword Planner or Ahrefs,planned
64,P2,image generation,developers,best ai tools for developers image generation,Best AI tools for developers who need help with image generation,best-ai-tools-for-developers-image-generation,commercial investigation,3 tool reviews + 1 category page,Validate demand in Google Keyword Planner or Ahrefs,planned
65,P2,video editing,developers,best ai tools for developers video editing,Best AI tools for developers who need help with video editing,best-ai-tools-for-developers-video-editing,commercial investigation,3 tool reviews + 1 category page,Validate demand in Google Keyword Planner or Ahrefs,planned
66,P2,customer support,developers,best ai tools for developers customer support,Best AI tools for developers who need help with customer support,best-ai-tools-for-developers-customer-support,commercial investigation,3 tool reviews + 1 category page,Validate demand in Google Keyword Planner or Ahrefs,planned
67,P2,sales outreach,developers,best ai tools for developers sales outreach,Best AI tools for developers who need help with sales outreach,best-ai-tools-for-developers-sales-outreach,commercial investigation,3 tool reviews + 1 category page,Validate demand in Google Keyword Planner or Ahrefs,planned
68,P2,project planning,developers,best ai tools for developers project planning,Best AI tools for developers who need help with project planning,best-ai-tools-for-developers-project-planning,commercial investigation,3 tool reviews + 1 category page,Validate demand in Google Keyword Planner or Ahrefs,planned
69,P2,data analysis,developers,best ai tools for developers data analysis,Best AI tools for developers who need help with data analysis,best-ai-tools-for-developers-data-analysis,commercial investigation,3 tool reviews + 1 category page,Validate demand in Google Keyword Planner or Ahrefs,planned
70,P2,social media,developers,best ai tools for developers social media,Best AI tools for developers who need help with social media,best-ai-tools-for-developers-social-media,commercial investigation,3 tool reviews + 1 category page,Validate demand in Google Keyword Planner or Ahrefs,planned
71,P3,writing,designers,best ai tools for designers writing,Best AI tools for designers who need help with writing,best-ai-tools-for-designers-writing,commercial investigation,3 tool reviews + 1 category page,Validate demand in Google Keyword Planner or Ahrefs,planned
72,P3,research,designers,best ai tools for designers research,Best AI tools for designers who need help with research,best-ai-tools-for-designers-research,commercial investigation,3 tool reviews + 1 category page,Validate demand in Google Keyword Planner or Ahrefs,planned
73,P3,coding,designers,best ai tools for designers coding,Best AI tools for designers who need help with coding,best-ai-tools-for-designers-coding,commercial investigation,3 tool reviews + 1 category page,Validate demand in Google Keyword Planner or Ahrefs,planned
74,P3,image generation,designers,best ai tools for designers image generation,Best AI tools for designers who need help with image generation,best-ai-tools-for-designers-image-generation,commercial investigation,3 tool reviews + 1 category page,Validate demand in Google Keyword Planner or Ahrefs,planned
75,P3,video editing,designers,best ai tools for designers video editing,Best AI tools for designers who need help with video editing,best-ai-tools-for-designers-video-editing,commercial investigation,3 tool reviews + 1 category page,Validate demand in Google Keyword Planner or Ahrefs,planned
76,P3,customer support,designers,best ai tools for designers customer support,Best AI tools for designers who need help with customer support,best-ai-tools-for-designers-customer-support,commercial investigation,3 tool reviews + 1 category page,Validate demand in Google Keyword Planner or Ahrefs,planned
77,P3,sales outreach,designers,best ai tools for designers sales outreach,Best AI tools for designers who need help with sales outreach,best-ai-tools-for-designers-sales-outreach,commercial investigation,3 tool reviews + 1 category page,Validate demand in Google Keyword Planner or Ahrefs,planned
78,P3,project planning,designers,best ai tools for designers project planning,Best AI tools for designers who need help with project planning,best-ai-tools-for-designers-project-planning,commercial investigation,3 tool reviews + 1 category page,Validate demand in Google Keyword Planner or Ahrefs,planned
79,P3,data analysis,designers,best ai tools for designers data analysis,Best AI tools for designers who need help with data analysis,best-ai-tools-for-designers-data-analysis,commercial investigation,3 tool reviews + 1 category page,Validate demand in Google Keyword Planner or Ahrefs,planned
80,P3,social media,designers,best ai tools for designers social media,Best AI tools for designers who need help with social media,best-ai-tools-for-designers-social-media,commercial investigation,3 tool reviews + 1 category page,Validate demand in Google Keyword Planner or Ahrefs,planned
81,P3,writing,writers,best ai tools for writers writing,Best AI tools for writers who need help with writing,best-ai-tools-for-writers-writing,commercial investigation,3 tool reviews + 1 category page,Validate demand in Google Keyword Planner or Ahrefs,planned
82,P3,research,writers,best ai tools for writers research,Best AI tools for writers who need help with research,best-ai-tools-for-writers-research,commercial investigation,3 tool reviews + 1 category page,Validate demand in Google Keyword Planner or Ahrefs,planned
83,P3,coding,writers,best ai tools for writers coding,Best AI tools for writers who need help with coding,best-ai-tools-for-writers-coding,commercial investigation,3 tool reviews + 1 category page,Validate demand in Google Keyword Planner or Ahrefs,planned
84,P3,image generation,writers,best ai tools for writers image generation,Best AI tools for writers who need help with image generation,best-ai-tools-for-writers-image-generation,commercial investigation,3 tool reviews + 1 category page,Validate demand in Google Keyword Planner or Ahrefs,planned
85,P3,video editing,writers,best ai tools for writers video editing,Best AI tools for writers who need help with video editing,best-ai-tools-for-writers-video-editing,commercial investigation,3 tool reviews + 1 category page,Validate demand in Google Keyword Planner or Ahrefs,planned
86,P3,customer support,writers,best ai tools for writers customer support,Best AI tools for writers who need help with customer support,best-ai-tools-for-writers-customer-support,commercial investigation,3 tool reviews + 1 category page,Validate demand in Google Keyword Planner or Ahrefs,planned
87,P3,sales outreach,writers,best ai tools for writers sales outreach,Best AI tools for writers who need help with sales outreach,best-ai-tools-for-writers-sales-outreach,commercial investigation,3 tool reviews + 1 category page,Validate demand in Google Keyword Planner or Ahrefs,planned
88,P3,project planning,writers,best ai tools for writers project planning,Best AI tools for writers who need help with project planning,best-ai-tools-for-writers-project-planning,commercial investigation,3 tool reviews + 1 category page,Validate demand in Google Keyword Planner or Ahrefs,planned
89,P3,data analysis,writers,best ai tools for writers data analysis,Best AI tools for writers who need help with data analysis,best-ai-tools-for-writers-data-analysis,commercial investigation,3 tool reviews + 1 category page,Validate demand in Google Keyword Planner or Ahrefs,planned
90,P3,social media,writers,best ai tools for writers social media,Best AI tools for writers who need help with social media,best-ai-tools-for-writers-social-media,commercial investigation,3 tool reviews + 1 category page,Validate demand in Google Keyword Planner or Ahrefs,planned
91,P3,writing,remote teams,best ai tools for remote teams writing,Best AI tools for remote teams who need help with writing,best-ai-tools-for-remote-teams-writing,commercial investigation,3 tool reviews + 1 category page,Validate demand in Google Keyword Planner or Ahrefs,planned
92,P3,research,remote teams,best ai tools for remote teams research,Best AI tools for remote teams who need help with research,best-ai-tools-for-remote-teams-research,commercial investigation,3 tool reviews + 1 category page,Validate demand in Google Keyword Planner or Ahrefs,planned
93,P3,coding,remote teams,best ai tools for remote teams coding,Best AI tools for remote teams who need help with coding,best-ai-tools-for-remote-teams-coding,commercial investigation,3 tool reviews + 1 category page,Validate demand in Google Keyword Planner or Ahrefs,planned
94,P3,image generation,remote teams,best ai tools for remote teams image generation,Best AI tools for remote teams who need help with image generation,best-ai-tools-for-remote-teams-image-generation,commercial investigation,3 tool reviews + 1 category page,Validate demand in Google Keyword Planner or Ahrefs,planned
95,P3,video editing,remote teams,best ai tools for remote teams video editing,Best AI tools for remote teams who need help with video editing,best-ai-tools-for-remote-teams-video-editing,commercial investigation,3 tool reviews + 1 category page,Validate demand in Google Keyword Planner or Ahrefs,planned
96,P3,customer support,remote teams,best ai tools for remote teams customer support,Best AI tools for remote teams who need help with customer support,best-ai-tools-for-remote-teams-customer-support,commercial investigation,3 tool reviews + 1 category page,Validate demand in Google Keyword Planner or Ahrefs,planned
97,P3,sales outreach,remote teams,best ai tools for remote teams sales outreach,Best AI tools for remote teams who need help with sales outreach,best-ai-tools-for-remote-teams-sales-outreach,commercial investigation,3 tool reviews + 1 category page,Validate demand in Google Keyword Planner or Ahrefs,planned
98,P3,project planning,remote teams,best ai tools for remote teams project planning,Best AI tools for remote teams who need help with project planning,best-ai-tools-for-remote-teams-project-planning,commercial investigation,3 tool reviews + 1 category page,Validate demand in Google Keyword Planner or Ahrefs,planned
99,P3,data analysis,remote teams,best ai tools for remote teams data analysis,Best AI tools for remote teams who need help with data analysis,best-ai-tools-for-remote-teams-data-analysis,commercial investigation,3 tool reviews + 1 category page,Validate demand in Google Keyword Planner or Ahrefs,planned
100,P3,social media,remote teams,best ai tools for remote teams social media,Best AI tools for remote teams who need help with social media,best-ai-tools-for-remote-teams-social-media,commercial investigation,3 tool reviews + 1 category page,Validate demand in Google Keyword Planner or Ahrefs,planned
